seconds,replicas,ready_replicas,cpu_utilisation_pct,offered_vus
0,2,2,10,5
1,2,2,10,5
2,2,2,10,5
3,2,2,10,5
5,2,2,10,5
6,2,2,10,5
7,2,2,10,5
8,2,2,10,5
9,2,2,6,5
11,2,2,6,5
12,2,2,6,5
13,2,2,6,5
14,2,2,6,5
15,2,2,6,5
16,2,2,6,5
18,2,2,6,5
19,2,2,6,5
20,2,2,6,5
21,2,2,6,5
22,2,2,6,5
23,2,2,6,5
25,2,2,13,5
26,2,2,13,5
27,2,2,13,5
28,2,2,13,5
29,2,2,13,5
31,2,2,13,6
32,2,2,13,8
33,2,2,13,10
34,2,2,13,12
35,2,2,13,14
36,2,2,13,16
38,2,2,13,19
39,2,2,13,21
40,2,2,26,23
41,2,2,26,25
42,2,2,26,27
43,2,2,26,28
45,2,2,26,32
46,2,2,26,34
47,2,2,26,36
48,2,2,26,38
49,2,2,26,39
50,2,2,26,41
51,2,2,26,43
53,2,2,26,47
54,2,2,26,49
55,2,2,59,50
56,2,2,59,52
57,2,2,59,54
58,2,2,59,56
60,2,2,59,60
61,2,2,59,60
62,2,2,59,60
63,2,2,59,60
64,2,2,59,60
65,2,2,59,60
66,2,2,59,60
68,2,2,59,60
69,2,2,59,60
70,5,2,126,60
71,5,2,126,60
72,5,2,126,60
73,5,5,126,60
74,5,5,126,60
76,5,5,126,60
77,5,5,126,60
78,5,5,126,60
79,5,5,126,60
80,5,5,126,60
81,5,5,126,60
83,5,5,126,60
84,5,5,126,60
85,6,5,187,60
86,6,5,187,60
87,6,5,187,60
88,6,6,187,60
90,6,6,187,60
91,6,6,187,60
92,6,6,187,60
93,6,6,187,60
94,6,6,187,60
95,6,6,187,60
96,6,6,187,60
98,6,6,187,60
99,6,6,187,60
100,7,6,136,60
101,7,6,136,60
102,7,6,136,60
103,7,7,136,60
104,7,7,136,60
106,7,7,136,60
107,7,7,136,60
108,7,7,136,60
109,7,7,136,60
110,7,7,136,60
111,7,7,136,60
113,7,7,136,60
114,7,7,136,60
115,7,7,83,60
116,7,7,83,60
117,7,7,83,60
118,7,7,83,60
119,7,7,83,60
121,7,7,83,60
122,7,7,83,60
123,7,7,83,60
124,7,7,83,60
125,7,7,83,60
126,7,7,83,60
127,7,7,83,60
129,7,7,83,60
130,8,7,67,60
131,8,7,67,60
132,8,7,67,60
133,8,8,67,60
134,8,8,67,60
135,8,8,67,60
137,8,8,67,60
138,8,8,67,60
139,8,8,67,60
140,8,8,67,60
141,8,8,67,60
142,8,8,67,60
143,8,8,67,60
145,8,8,58,60
146,8,8,58,60
147,8,8,58,60
148,8,8,58,60
149,8,8,58,60
150,8,8,58,60
151,8,8,58,60
153,8,8,58,60
154,8,8,58,60
155,8,8,58,60
156,8,8,58,60
157,8,8,58,60
158,8,8,58,60
159,8,8,54,60
161,8,8,54,60
162,8,8,54,60
163,8,8,54,60
164,8,8,54,60
165,8,8,54,60
166,8,8,54,60
167,8,8,54,60
169,8,8,54,60
170,8,8,54,60
171,8,8,54,60
172,8,8,54,60
173,8,8,54,60
174,8,8,52,60
176,8,8,52,60
177,8,8,52,60
178,8,8,52,60
179,8,8,52,60
180,8,8,52,60
181,8,8,52,60
182,8,8,52,60
184,8,8,52,60
185,8,8,52,60
186,8,8,52,60
187,8,8,52,60
188,8,8,52,60
189,8,8,52,60
190,8,8,51,60
192,8,8,51,60
193,8,8,51,60
194,8,8,51,60
195,8,8,51,60
196,8,8,51,60
197,8,8,51,60
198,8,8,51,60
200,8,8,51,60
201,8,8,51,60
202,8,8,51,60
203,8,8,51,60
204,8,8,51,60
205,8,8,50,60
206,8,8,50,60
208,8,8,50,60
209,8,8,50,60
210,8,8,50,60
211,8,8,50,60
212,8,8,50,60
213,8,8,50,60
214,8,8,50,60
216,8,8,50,60
217,8,8,50,60
218,8,8,50,60
219,8,8,50,60
220,8,8,50,60
221,8,8,50,60
222,8,8,50,60
224,8,8,50,60
225,8,8,50,60
226,8,8,50,60
227,8,8,50,60
228,8,8,50,60
229,8,8,50,60
230,8,8,50,60
232,8,8,50,60
233,8,8,50,60
234,8,8,50,60
235,8,8,51,60
236,8,8,51,60
237,8,8,51,60
238,8,8,51,60
240,8,8,51,60
241,8,8,51,59
242,8,8,51,58
243,8,8,51,57
244,8,8,51,56
245,8,8,51,55
247,8,8,51,53
248,8,8,51,52
249,8,8,51,51
250,8,8,50,50
251,8,8,50,49
252,8,8,50,48
253,8,8,50,47
255,8,8,50,45
256,8,8,50,44
257,8,8,50,43
258,8,8,50,42
259,8,8,50,41
260,8,8,50,40
261,8,8,50,39
263,8,8,50,37
264,8,8,50,36
265,8,8,50,35
266,8,8,50,34
267,8,8,50,33
268,8,8,50,32
270,8,8,50,30
271,8,8,50,29
272,8,8,50,28
273,8,8,50,27
274,8,8,50,26
275,8,8,50,25
276,8,8,50,24
278,8,8,50,22
279,8,8,50,21
280,8,8,42,20
281,8,8,42,19
282,8,8,42,18
283,8,8,42,17
285,8,8,42,15
286,8,8,42,14
287,8,8,42,13
288,8,8,42,12
289,8,8,42,11
290,8,8,42,10
292,8,8,42,8
293,8,8,42,7
294,8,8,42,6
295,8,8,33,5
296,8,8,33,4
297,8,8,33,3
299,8,8,33,1
300,8,8,33,0
301,8,8,33,0
302,8,8,33,0
303,8,8,33,0
304,8,8,33,0
306,8,8,33,0
307,8,8,33,0
308,8,8,33,0
309,8,8,33,0
310,8,8,20,0
311,8,8,20,0
313,8,8,20,0
314,8,8,20,0
315,8,8,20,0
316,8,8,20,0
317,8,8,20,0
318,8,8,20,0
320,8,8,20,0
321,8,8,20,0
322,8,8,20,0
323,8,8,20,0
324,8,8,20,0
325,8,8,8,0
327,8,8,8,0
328,8,8,8,0
329,8,8,8,0
330,8,8,8,0
331,8,8,8,0
333,8,8,8,0
334,8,8,8,0
335,8,8,8,0
336,8,8,8,0
337,8,8,8,0
338,8,8,8,0
340,8,8,4,0
341,8,8,4,0
342,8,8,4,0
343,8,8,4,0
344,8,8,4,0
345,8,8,4,0
347,8,8,4,0
348,8,8,4,0
349,8,8,4,0
350,8,8,4,0
351,8,8,4,0
352,8,8,4,0
354,8,8,4,0
355,8,8,4,0
356,8,8,4,0
357,8,8,4,0
358,8,8,4,0
359,8,8,4,0
361,8,8,4,0
